[{"model": "admin.logentry", "pk": 1, "fields": {"action_time": "2020-11-21T14:09:15.712Z", "user": 1, "content_type": 14, "object_id": "2", "object_repr": "sebasavino", "action_flag": 3, "change_message": ""}}, {"model": "auth.permission", "pk": 1, "fields": {"name": "Can add log entry", "content_type": 1, "codename": "add_logentry"}}, {"model": "auth.permission", "pk": 2, "fields": {"name": "Can change log entry", "content_type": 1, "codename": "change_logentry"}}, {"model": "auth.permission", "pk": 3, "fields": {"name": "Can delete log entry", "content_type": 1, "codename": "delete_logentry"}}, {"model": "auth.permission", "pk": 4, "fields": {"name": "Can view log entry", "content_type": 1, "codename": "view_logentry"}}, {"model": "auth.permission", "pk": 5, "fields": {"name": "Can add permission", "content_type": 2, "codename": "add_permission"}}, {"model": "auth.permission", "pk": 6, "fields": {"name": "Can change permission", "content_type": 2, "codename": "change_permission"}}, {"model": "auth.permission", "pk": 7, "fields": {"name": "Can delete permission", "content_type": 2, "codename": "delete_permission"}}, {"model": "auth.permission", "pk": 8, "fields": {"name": "Can view permission", "content_type": 2, "codename": "view_permission"}}, {"model": "auth.permission", "pk": 9, "fields": {"name": "Can add group", "content_type": 3, "codename": "add_group"}}, {"model": "auth.permission", "pk": 10, "fields": {"name": "Can change group", "content_type": 3, "codename": "change_group"}}, {"model": "auth.permission", "pk": 11, "fields": {"name": "Can delete group", "content_type": 3, "codename": "delete_group"}}, {"model": "auth.permission", "pk": 12, "fields": {"name": "Can view group", "content_type": 3, "codename": "view_group"}}, {"model": "auth.permission", "pk": 13, "fields": {"name": "Can add content type", "content_type": 4, "codename": "add_contenttype"}}, {"model": "auth.permission", "pk": 14, "fields": {"name": "Can change content type", "content_type": 4, "codename": "change_contenttype"}}, {"model": "auth.permission", "pk": 15, "fields": {"name": "Can delete content type", "content_type": 4, "codename": "delete_contenttype"}}, {"model": "auth.permission", "pk": 16, "fields": {"name": "Can view content type", "content_type": 4, "codename": "view_contenttype"}}, {"model": "auth.permission", "pk": 17, "fields": {"name": "Can add session", "content_type": 5, "codename": "add_session"}}, {"model": "auth.permission", "pk": 18, "fields": {"name": "Can change session", "content_type": 5, "codename": "change_session"}}, {"model": "auth.permission", "pk": 19, "fields": {"name": "Can delete session", "content_type": 5, "codename": "delete_session"}}, {"model": "auth.permission", "pk": 20, "fields": {"name": "Can view session", "content_type": 5, "codename": "view_session"}}, {"model": "auth.permission", "pk": 21, "fields": {"name": "Can add Categoria", "content_type": 6, "codename": "add_categoria"}}, {"model": "auth.permission", "pk": 22, "fields": {"name": "Can change Categoria", "content_type": 6, "codename": "change_categoria"}}, {"model": "auth.permission", "pk": 23, "fields": {"name": "Can delete Categoria", "content_type": 6, "codename": "delete_categoria"}}, {"model": "auth.permission", "pk": 24, "fields": {"name": "Can view Categoria", "content_type": 6, "codename": "view_categoria"}}, {"model": "auth.permission", "pk": 25, "fields": {"name": "Can add Detalle del pedido", "content_type": 7, "codename": "add_detallepedido"}}, {"model": "auth.permission", "pk": 26, "fields": {"name": "Can change Detalle del pedido", "content_type": 7, "codename": "change_detallepedido"}}, {"model": "auth.permission", "pk": 27, "fields": {"name": "Can delete Detalle del pedido", "content_type": 7, "codename": "delete_detallepedido"}}, {"model": "auth.permission", "pk": 28, "fields": {"name": "Can view Detalle del pedido", "content_type": 7, "codename": "view_detallepedido"}}, {"model": "auth.permission", "pk": 29, "fields": {"name": "Can add Producto", "content_type": 8, "codename": "add_producto"}}, {"model": "auth.permission", "pk": 30, "fields": {"name": "Can change Producto", "content_type": 8, "codename": "change_producto"}}, {"model": "auth.permission", "pk": 31, "fields": {"name": "Can delete Producto", "content_type": 8, "codename": "delete_producto"}}, {"model": "auth.permission", "pk": 32, "fields": {"name": "Can view Producto", "content_type": 8, "codename": "view_producto"}}, {"model": "auth.permission", "pk": 33, "fields": {"name": "Can add Pedido", "content_type": 9, "codename": "add_pedido"}}, {"model": "auth.permission", "pk": 34, "fields": {"name": "Can change Pedido", "content_type": 9, "codename": "change_pedido"}}, {"model": "auth.permission", "pk": 35, "fields": {"name": "Can delete Pedido", "content_type": 9, "codename": "delete_pedido"}}, {"model": "auth.permission", "pk": 36, "fields": {"name": "Can view Pedido", "content_type": 9, "codename": "view_pedido"}}, {"model": "auth.permission", "pk": 37, "fields": {"name": "Can add Observación", "content_type": 10, "codename": "add_observacion"}}, {"model": "auth.permission", "pk": 38, "fields": {"name": "Can change Observación", "content_type": 10, "codename": "change_observacion"}}, {"model": "auth.permission", "pk": 39, "fields": {"name": "Can delete Observación", "content_type": 10, "codename": "delete_observacion"}}, {"model": "auth.permission", "pk": 40, "fields": {"name": "Can view Observación", "content_type": 10, "codename": "view_observacion"}}, {"model": "auth.permission", "pk": 41, "fields": {"name": "Can add Paciente", "content_type": 11, "codename": "add_paciente"}}, {"model": "auth.permission", "pk": 42, "fields": {"name": "Can change Paciente", "content_type": 11, "codename": "change_paciente"}}, {"model": "auth.permission", "pk": 43, "fields": {"name": "Can delete Paciente", "content_type": 11, "codename": "delete_paciente"}}, {"model": "auth.permission", "pk": 44, "fields": {"name": "Can view Paciente", "content_type": 11, "codename": "view_paciente"}}, {"model": "auth.permission", "pk": 45, "fields": {"name": "Can add Turno", "content_type": 12, "codename": "add_turno"}}, {"model": "auth.permission", "pk": 46, "fields": {"name": "Can change Turno", "content_type": 12, "codename": "change_turno"}}, {"model": "auth.permission", "pk": 47, "fields": {"name": "Can delete Turno", "content_type": 12, "codename": "delete_turno"}}, {"model": "auth.permission", "pk": 48, "fields": {"name": "Can view Turno", "content_type": 12, "codename": "view_turno"}}, {"model": "auth.permission", "pk": 49, "fields": {"name": "Can add actividad", "content_type": 13, "codename": "add_actividad"}}, {"model": "auth.permission", "pk": 50, "fields": {"name": "Can change actividad", "content_type": 13, "codename": "change_actividad"}}, {"model": "auth.permission", "pk": 51, "fields": {"name": "Can delete actividad", "content_type": 13, "codename": "delete_actividad"}}, {"model": "auth.permission", "pk": 52, "fields": {"name": "Can view actividad", "content_type": 13, "codename": "view_actividad"}}, {"model": "auth.permission", "pk": 53, "fields": {"name": "Can add user", "content_type": 14, "codename": "add_usuario"}}, {"model": "auth.permission", "pk": 54, "fields": {"name": "Can change user", "content_type": 14, "codename": "change_usuario"}}, {"model": "auth.permission", "pk": 55, "fields": {"name": "Can delete user", "content_type": 14, "codename": "delete_usuario"}}, {"model": "auth.permission", "pk": 56, "fields": {"name": "Can view user", "content_type": 14, "codename": "view_usuario"}}, {"model": "auth.permission", "pk": 57, "fields": {"name": "Can add filtro", "content_type": 15, "codename": "add_filtro"}}, {"model": "auth.permission", "pk": 58, "fields": {"name": "Can change filtro", "content_type": 15, "codename": "change_filtro"}}, {"model": "auth.permission", "pk": 59, "fields": {"name": "Can delete filtro", "content_type": 15, "codename": "delete_filtro"}}, {"model": "auth.permission", "pk": 60, "fields": {"name": "Can view filtro", "content_type": 15, "codename": "view_filtro"}}, {"model": "auth.group", "pk": 1, "fields": {"name": "Medico", "permissions": []}}, {"model": "auth.group", "pk": 2, "fields": {"name": "Secretaria", "permissions": []}}, {"model": "auth.group", "pk": 3, "fields": {"name": "Gerencia", "permissions": []}}, {"model": "auth.group", "pk": 4, "fields": {"name": "Venta", "permissions": []}}, {"model": "auth.group", "pk": 5, "fields": {"name": "Taller", "permissions": []}}, {"model": "contenttypes.contenttype", "pk": 1, "fields": {"app_label": "admin", "model": "logentry"}}, {"model": "contenttypes.contenttype", "pk": 2, "fields": {"app_label": "auth", "model": "permission"}}, {"model": "contenttypes.contenttype", "pk": 3, "fields": {"app_label": "auth", "model": "group"}}, {"model": "contenttypes.contenttype", "pk": 4, "fields": {"app_label": "contenttypes", "model": "contenttype"}}, {"model": "contenttypes.contenttype", "pk": 5, "fields": {"app_label": "sessions", "model": "session"}}, {"model": "contenttypes.contenttype", "pk": 6, "fields": {"app_label": "productos", "model": "categoria"}}, {"model": "contenttypes.contenttype", "pk": 7, "fields": {"app_label": "productos", "model": "detallepedido"}}, {"model": "contenttypes.contenttype", "pk": 8, "fields": {"app_label": "productos", "model": "producto"}}, {"model": "contenttypes.contenttype", "pk": 9, "fields": {"app_label": "productos", "model": "pedido"}}, {"model": "contenttypes.contenttype", "pk": 10, "fields": {"app_label": "pacientes", "model": "observacion"}}, {"model": "contenttypes.contenttype", "pk": 11, "fields": {"app_label": "pacientes", "model": "paciente"}}, {"model": "contenttypes.contenttype", "pk": 12, "fields": {"app_label": "pacientes", "model": "turno"}}, {"model": "contenttypes.contenttype", "pk": 13, "fields": {"app_label": "usuarios", "model": "actividad"}}, {"model": "contenttypes.contenttype", "pk": 14, "fields": {"app_label": "usuarios", "model": "usuario"}}, {"model": "contenttypes.contenttype", "pk": 15, "fields": {"app_label": "reportes", "model": "filtro"}}, {"model": "sessions.session", "pk": "sbzr5a1k5q85gwlz0ss7nnt94gqo6hz8", "fields": {"session_data": ".eJxVjMEOwiAQRP-FsyHAAi0evfsNZBdWqRqalPZk_Hdp0oPeJvPezFtE3NYSt8ZLnLI4iyBOvx1henLdQX5gvc8yzXVdJpK7Ig_a5HXO_Loc7t9BwVb62qc0AlrQADkYo1TglH02-sZgKSEOWgU3Ot9jNxxZAjTEWjs7KADx-QLgLjeH:1kgTaE:6T1613Q6ufF-O_F8l-QB5ebmP-cDutSjAII0qJNivN4", "expire_date": "2020-12-05T14:09:46.874Z"}}, {"model": "productos.categoria", "pk": 1, "fields": {"nombre": "Lindos"}}, {"model": "productos.categoria", "pk": 2, "fields": {"nombre": "Feos"}}, {"model": "productos.producto", "pk": "5edd8738-f3bf-47aa-9d68-c09a899f19bc", "fields": {"created_at": "2020-11-21T13:16:01.188Z", "updated_at": "2020-11-21T13:56:47.820Z", "nombre": "Lentes lindos", "cod_producto": null, "precio": "100.00", "imagen": "productos/img/producto1.jpg", "stock": 35, "categoria": 1, "armazon": true, "lente": false, "lado": null, "distancia": null}}, {"model": "productos.producto", "pk": "69a1f65b-0484-4ec7-9b51-b70300582003", "fields": {"created_at": "2020-11-21T13:19:23.860Z", "updated_at": "2020-11-21T13:55:16.907Z", "nombre": "Lentes de madera xd", "cod_producto": null, "precio": "50.00", "imagen": "productos/img/producto4.jpg", "stock": 38, "categoria": null, "armazon": false, "lente": false, "lado": null, "distancia": null}}, {"model": "productos.producto", "pk": "8e677cd4-51ef-4c68-b158-363b8491c086", "fields": {"created_at": "2020-11-21T13:17:44.369Z", "updated_at": "2020-11-21T13:45:40.042Z", "nombre": "Lentes buenardos", "cod_producto": null, "precio": "90.00", "imagen": "productos/img/producto2.jpg", "stock": 13, "categoria": null, "armazon": false, "lente": false, "lado": null, "distancia": null}}, {"model": "productos.producto", "pk": "957f87ca-8787-4b56-990a-2ea57a91162c", "fields": {"created_at": "2020-11-21T13:21:30.277Z", "updated_at": "2020-11-21T13:56:35.288Z", "nombre": "Lentes redondos xd", "cod_producto": null, "precio": "85.00", "imagen": "productos/img/producto6.jpg", "stock": 15, "categoria": null, "armazon": false, "lente": true, "lado": "derecho", "distancia": "lejos"}}, {"model": "productos.producto", "pk": "9d82d6d3-18dc-459f-9f60-6ceb15a4455f", "fields": {"created_at": "2020-11-21T13:22:31.115Z", "updated_at": "2020-11-21T13:22:31.115Z", "nombre": "Lentes + libro jaj", "cod_producto": null, "precio": "400.00", "imagen": "productos/img/producto7.jpg", "stock": 5, "categoria": null, "armazon": true, "lente": false, "lado": null, "distancia": null}}, {"model": "productos.producto", "pk": "b05c3b8e-4722-4343-b7f2-04fce1fc8b5e", "fields": {"created_at": "2020-11-21T13:20:39.246Z", "updated_at": "2020-11-21T13:21:01.385Z", "nombre": "Lentes ulala", "cod_producto": null, "precio": "600.00", "imagen": "productos/img/producto5.jpg", "stock": 2, "categoria": null, "armazon": true, "lente": false, "lado": null, "distancia": null}}, {"model": "productos.producto", "pk": "cd0a5a52-5a78-482e-8126-27b238d8b0d1", "fields": {"created_at": "2020-11-21T13:22:58.410Z", "updated_at": "2020-11-21T13:22:58.410Z", "nombre": "Lentes + gato ahre", "cod_producto": null, "precio": "1000.00", "imagen": "productos/img/producto8.jpg", "stock": 5, "categoria": null, "armazon": true, "lente": true, "lado": "izquierdo", "distancia": "lejos"}}, {"model": "productos.producto", "pk": "fc2d7606-b4ea-4d5f-aa79-7ef44057ff3f", "fields": {"created_at": "2020-11-21T13:18:37.777Z", "updated_at": "2020-11-21T13:42:06.223Z", "nombre": "Lentes fierazos", "cod_producto": null, "precio": "40.00", "imagen": "productos/img/producto3.jpg", "stock": 1, "categoria": 2, "armazon": false, "lente": true, "lado": "izquierdo", "distancia": "cerca"}}, {"model": "productos.pedido", "pk": "337f17ce-2e25-4458-83d8-ec75ad1881bd", "fields": {"created_at": "2020-11-21T13:56:29.669Z", "updated_at": "2020-11-21T14:10:38.842Z", "estado": "F", "paciente": "670145e7-c7bf-473f-8dde-22b184e5521c", "subtotal": "270.00", "tipo_de_pago": "EF", "vendedor": 4, "fecha_venta": "2020-11-21"}}, {"model": "productos.pedido", "pk": "467e56dc-ba34-46c1-a363-306a973389fb", "fields": {"created_at": "2020-11-21T13:54:45.598Z", "updated_at": "2020-11-21T13:55:27.940Z", "estado": "F", "paciente": "dc8ffb81-e7bf-450c-aaf6-b8fff011e102", "subtotal": "300.00", "tipo_de_pago": "BV", "vendedor": 3, "fecha_venta": "2020-11-21"}}, {"model": "productos.detallepedido", "pk": "15616f81-65f6-489c-bea4-8b6de9ce7024", "fields": {"created_at": "2020-11-21T13:55:06.472Z", "updated_at": "2020-11-21T13:55:06.472Z", "producto": "5edd8738-f3bf-47aa-9d68-c09a899f19bc", "pedido": "467e56dc-ba34-46c1-a363-306a973389fb", "cantidad": 2, "total": "200.00"}}, {"model": "productos.detallepedido", "pk": "312f0206-f098-4f01-8250-a2a741f7fce0", "fields": {"created_at": "2020-11-21T13:56:35.438Z", "updated_at": "2020-11-21T13:56:35.438Z", "producto": "957f87ca-8787-4b56-990a-2ea57a91162c", "pedido": "337f17ce-2e25-4458-83d8-ec75ad1881bd", "cantidad": 2, "total": "170.00"}}, {"model": "productos.detallepedido", "pk": "dd2d2d90-e138-40ec-84f1-70515afc148e", "fields": {"created_at": "2020-11-21T13:55:17.054Z", "updated_at": "2020-11-21T13:55:17.055Z", "producto": "69a1f65b-0484-4ec7-9b51-b70300582003", "pedido": "467e56dc-ba34-46c1-a363-306a973389fb", "cantidad": 2, "total": "100.00"}}, {"model": "productos.detallepedido", "pk": "f1913d47-421b-4842-b318-cafd9eb0431a", "fields": {"created_at": "2020-11-21T13:56:48.004Z", "updated_at": "2020-11-21T13:56:48.004Z", "producto": "5edd8738-f3bf-47aa-9d68-c09a899f19bc", "pedido": "337f17ce-2e25-4458-83d8-ec75ad1881bd", "cantidad": 1, "total": "100.00"}}, {"model": "pacientes.paciente", "pk": "25bffb08-af3f-4a5b-a62a-06723688954d", "fields": {"created_at": "2020-11-21T13:37:22.355Z", "updated_at": "2020-11-21T14:14:19.539Z", "nombre": "Martina", "apellido": "Piolarda", "edad": 20, "dni": "54.678.113", "email": "la_marti-piola@hotmail.com", "medico": 8, "imagen": "pacientes/img/paciente8.jpg"}}, {"model": "pacientes.paciente", "pk": "3ad1507d-c677-4a68-bfc1-927af4b5e158", "fields": {"created_at": "2020-11-21T13:26:03.880Z", "updated_at": "2020-11-21T14:11:30.847Z", "nombre": "Natalia", "apellido": "Marquez", "edad": 33, "dni": "42.673.124", "email": null, "medico": 7, "imagen": "pacientes/img/paciente2.jpg"}}, {"model": "pacientes.paciente", "pk": "3e4ae187-ab5f-48f7-95c7-203f4e5ae656", "fields": {"created_at": "2020-11-21T13:27:20.460Z", "updated_at": "2020-11-21T14:11:38.373Z", "nombre": "Octavio", "apellido": "Alegre", "edad": 76, "dni": "11.222.333", "email": null, "medico": 7, "imagen": "pacientes/img/paciente3.jpg"}}, {"model": "pacientes.paciente", "pk": "47f3d972-4763-4bb8-9cc7-c9b91ce6037d", "fields": {"created_at": "2020-11-21T13:31:00.044Z", "updated_at": "2020-11-21T14:11:54.604Z", "nombre": "Romina", "apellido": "Aguirre", "edad": 24, "dni": "43.123.678", "email": null, "medico": 8, "imagen": "pacientes/img/paciente5.jpg"}}, {"model": "pacientes.paciente", "pk": "58867658-5812-4ecd-ad78-457af063095d", "fields": {"created_at": "2020-11-21T13:38:47.143Z", "updated_at": "2020-11-21T13:38:47.143Z", "nombre": "Jimena", "apellido": "Smith", "edad": 31, "dni": "44.789.654", "email": null, "medico": null, "imagen": "pacientes/img/paciente9.jpg"}}, {"model": "pacientes.paciente", "pk": "670145e7-c7bf-473f-8dde-22b184e5521c", "fields": {"created_at": "2020-11-21T13:29:05.490Z", "updated_at": "2020-11-21T14:11:45.753Z", "nombre": "Noelia", "apellido": "Brit", "edad": 27, "dni": "44.234.534", "email": "noeBrit@gmail.com", "medico": 7, "imagen": "pacientes/img/paciente4.jpg"}}, {"model": "pacientes.paciente", "pk": "85d6ac7d-bff5-40de-b6a0-cee785e29aa4", "fields": {"created_at": "2020-11-21T13:39:30.083Z", "updated_at": "2020-11-21T13:39:30.084Z", "nombre": "Ana", "apellido": "Mar", "edad": 22, "dni": "22.111.666", "email": null, "medico": null, "imagen": "pacientes/img/paciente10.jpg"}}, {"model": "pacientes.paciente", "pk": "a19d8cf4-8e5c-4d60-b3af-6422b1b9d8c6", "fields": {"created_at": "2020-11-21T13:32:25.932Z", "updated_at": "2020-11-21T14:13:58.770Z", "nombre": "Noemi", "apellido": "Kakaroto", "edad": 21, "dni": "41.453.211", "email": "noe_kakaroto@gmail.com.ar", "medico": 8, "imagen": "pacientes/img/paciente6.jpg"}}, {"model": "pacientes.paciente", "pk": "da1d5580-afbb-404e-aa1a-2131e313cffe", "fields": {"created_at": "2020-11-21T13:35:06.335Z", "updated_at": "2020-11-21T14:14:08.480Z", "nombre": "Norma", "apellido": "Pereyra", "edad": 26, "dni": "34.543.678", "email": null, "medico": 8, "imagen": "pacientes/img/paciente7.jpg"}}, {"model": "pacientes.paciente", "pk": "dc8ffb81-e7bf-450c-aaf6-b8fff011e102", "fields": {"created_at": "2020-11-21T13:25:14.165Z", "updated_at": "2020-11-21T14:11:21.231Z", "nombre": "Marina", "apellido": "Rodriguez", "edad": 25, "dni": "55.666.777", "email": "lamari_2020@gmail.com", "medico": 7, "imagen": "pacientes/img/paciente1.jpg"}}, {"model": "pacientes.turno", "pk": "1cc53187-8754-4f74-a8aa-f973f40127e4", "fields": {"created_at": "2020-11-21T13:43:32.874Z", "updated_at": "2020-11-21T13:43:32.875Z", "paciente": "3ad1507d-c677-4a68-bfc1-927af4b5e158", "asistencia": "P", "fecha": "2020-11-21"}}, {"model": "pacientes.turno", "pk": "745d2148-d281-4a87-aa9a-68dbac4ba519", "fields": {"created_at": "2020-11-21T13:44:04.798Z", "updated_at": "2020-11-21T13:44:08.815Z", "paciente": "670145e7-c7bf-473f-8dde-22b184e5521c", "asistencia": "F", "fecha": "2020-11-21"}}, {"model": "pacientes.turno", "pk": "d9830bac-6aeb-43d7-b042-971228389417", "fields": {"created_at": "2020-11-21T13:43:56.075Z", "updated_at": "2020-11-21T13:43:56.076Z", "paciente": "3e4ae187-ab5f-48f7-95c7-203f4e5ae656", "asistencia": "P", "fecha": "2020-11-21"}}, {"model": "pacientes.turno", "pk": "d98a2d3a-0bcf-438b-86c3-7ae64cf270c2", "fields": {"created_at": "2020-11-21T13:43:15.100Z", "updated_at": "2020-11-21T13:43:20.775Z", "paciente": "dc8ffb81-e7bf-450c-aaf6-b8fff011e102", "asistencia": "A", "fecha": "2020-11-21"}}, {"model": "usuarios.usuario", "pk": 1, "fields": {"password": "pbkdf2_sha256$216000$JOFRJ5DCs1K4$y7OifahydYLlj1BAQDKI0vAZ5gc1A7ZG6VJUNNstIlI=", "last_login": "2020-11-21T14:08:50.546Z", "is_superuser": true, "username": "admin", "first_name": "", "last_name": "", "email": "", "is_staff": true, "is_active": true, "date_joined": "2020-11-21T13:13:03.835Z", "imagen": "", "rol": "S", "dni": "", "nombre": "", "apellido": "", "ultima_actividad": null, "groups": [], "user_permissions": []}}, {"model": "usuarios.usuario", "pk": 3, "fields": {"password": "pbkdf2_sha256$216000$986zgaWy3nBA$tTje4nEoWaSjoftL3K7IwctFBSd3mBs+ORgKlP0L35I=", "last_login": "2020-11-21T13:54:35.347Z", "is_superuser": false, "username": "chino", "first_name": "", "last_name": "", "email": "", "is_staff": true, "is_active": true, "date_joined": "2020-11-21T13:54:20.207Z", "imagen": "", "rol": "V", "dni": "33.678.212", "nombre": "Brayan", "apellido": "Iturre", "ultima_actividad": "2020-11-21T13:55:28.083Z", "groups": [4], "user_permissions": []}}, {"model": "usuarios.usuario", "pk": 4, "fields": {"password": "pbkdf2_sha256$216000$aBn1PPMIz2Ng$UcCNbeGGHjnk0udv5eSCgQCC0FPe766QYeK0LZkK1SI=", "last_login": "2020-11-21T13:56:15.214Z", "is_superuser": false, "username": "edu", "first_name": "", "last_name": "", "email": "", "is_staff": true, "is_active": true, "date_joined": "2020-11-21T13:56:10.967Z", "imagen": "", "rol": "V", "dni": "44.345.678", "nombre": "Edu", "apellido": "Zerpa", "ultima_actividad": "2020-11-21T14:04:14.630Z", "groups": [4], "user_permissions": []}}, {"model": "usuarios.usuario", "pk": 5, "fields": {"password": "pbkdf2_sha256$216000$OTqqhYGZyI4e$rok9U9lrzWWRl5nVrkJ/lSm3KZzTSjnDQtddt2wD21E=", "last_login": "2020-11-21T14:05:25.995Z", "is_superuser": false, "username": "merce", "first_name": "", "last_name": "", "email": "", "is_staff": true, "is_active": true, "date_joined": "2020-11-21T14:05:20.512Z", "imagen": "", "rol": "S", "dni": "55.322.677", "nombre": "Mercedes", "apellido": "Villalba", "ultima_actividad": null, "groups": [2], "user_permissions": []}}, {"model": "usuarios.usuario", "pk": 6, "fields": {"password": "pbkdf2_sha256$216000$fYkAdMnGyAMj$e81JgRPMBnnjuyC92PMpXcp4D9Z7FG85VhU3hxkMkxc=", "last_login": null, "is_superuser": false, "username": "guille", "first_name": "", "last_name": "", "email": "", "is_staff": true, "is_active": true, "date_joined": "2020-11-21T14:05:59.707Z", "imagen": "", "rol": "S", "dni": "77.899.345", "nombre": "Guillermo", "apellido": "Torrado", "ultima_actividad": null, "groups": [2], "user_permissions": []}}, {"model": "usuarios.usuario", "pk": 7, "fields": {"password": "pbkdf2_sha256$216000$E2bhQMrdK1gH$SDKjFEdp0+tnQ8ZXJy5B2nyj/DPDyvFhWOU9KrcLshU=", "last_login": "2020-11-21T14:07:17.587Z", "is_superuser": false, "username": "saya", "first_name": "", "last_name": "", "email": "", "is_staff": true, "is_active": true, "date_joined": "2020-11-21T14:07:13.473Z", "imagen": "", "rol": "M", "dni": "56.789.986", "nombre": "Agustin", "apellido": "Sayago", "ultima_actividad": null, "groups": [1], "user_permissions": []}}, {"model": "usuarios.usuario", "pk": 8, "fields": {"password": "pbkdf2_sha256$216000$uCWQfO3z3NPd$FnFKb9MmOxlAvbalW3oDKHTpTGlohM1koSAM4Bht2L8=", "last_login": null, "is_superuser": false, "username": "juan", "first_name": "", "last_name": "", "email": "", "is_staff": true, "is_active": true, "date_joined": "2020-11-21T14:07:52.206Z", "imagen": "", "rol": "M", "dni": "66.666.666", "nombre": "Juan", "apellido": "Salrach", "ultima_actividad": null, "groups": [1], "user_permissions": []}}, {"model": "usuarios.usuario", "pk": 9, "fields": {"password": "pbkdf2_sha256$216000$5vZPcTOVVOEC$4KZLWRJtpWD+fXBzpnFGtmpAhwX539qI3KYygjfiyTc=", "last_login": "2020-11-21T14:09:46.816Z", "is_superuser": false, "username": "sebasavi", "first_name": "", "last_name": "", "email": "", "is_staff": true, "is_active": true, "date_joined": "2020-11-21T14:09:42.694Z", "imagen": "", "rol": "G", "dni": "44.123.455", "nombre": "Sebastian", "apellido": "Savino", "ultima_actividad": "2020-11-21T14:14:19.679Z", "groups": [3], "user_permissions": []}}, {"model": "usuarios.actividad", "pk": 1, "fields": {"accion": "Cargó un producto", "usuario": "sebasavino, Sebastian Savino, 41.677.777", "momento": "2020-11-21T13:16:01.274Z"}}, {"model": "usuarios.actividad", "pk": 2, "fields": {"accion": "Cargó un producto", "usuario": "sebasavino, Sebastian Savino, 41.677.777", "momento": "2020-11-21T13:17:44.432Z"}}, {"model": "usuarios.actividad", "pk": 3, "fields": {"accion": "Cargó un producto", "usuario": "sebasavino, Sebastian Savino, 41.677.777", "momento": "2020-11-21T13:18:37.847Z"}}, {"model": "usuarios.actividad", "pk": 4, "fields": {"accion": "Cargó un producto", "usuario": "sebasavino, Sebastian Savino, 41.677.777", "momento": "2020-11-21T13:19:23.937Z"}}, {"model": "usuarios.actividad", "pk": 5, "fields": {"accion": "Cargó un producto", "usuario": "sebasavino, Sebastian Savino, 41.677.777", "momento": "2020-11-21T13:20:39.326Z"}}, {"model": "usuarios.actividad", "pk": 6, "fields": {"accion": "Modificó un producto", "usuario": "sebasavino, Sebastian Savino, 41.677.777", "momento": "2020-11-21T13:21:01.442Z"}}, {"model": "usuarios.actividad", "pk": 7, "fields": {"accion": "Cargó un producto", "usuario": "sebasavino, Sebastian Savino, 41.677.777", "momento": "2020-11-21T13:21:30.374Z"}}, {"model": "usuarios.actividad", "pk": 8, "fields": {"accion": "Modificó un producto", "usuario": "sebasavino, Sebastian Savino, 41.677.777", "momento": "2020-11-21T13:22:06.181Z"}}, {"model": "usuarios.actividad", "pk": 9, "fields": {"accion": "Cargó un producto", "usuario": "sebasavino, Sebastian Savino, 41.677.777", "momento": "2020-11-21T13:22:31.194Z"}}, {"model": "usuarios.actividad", "pk": 10, "fields": {"accion": "Cargó un producto", "usuario": "sebasavino, Sebastian Savino, 41.677.777", "momento": "2020-11-21T13:22:58.478Z"}}, {"model": "usuarios.actividad", "pk": 11, "fields": {"accion": "Cargó un paciente", "usuario": "sebasavino, Sebastian Savino, 41.677.777", "momento": "2020-11-21T13:25:13.995Z"}}, {"model": "usuarios.actividad", "pk": 12, "fields": {"accion": "Cargó un paciente", "usuario": "sebasavino, Sebastian Savino, 41.677.777", "momento": "2020-11-21T13:26:03.733Z"}}, {"model": "usuarios.actividad", "pk": 13, "fields": {"accion": "Cargó un paciente", "usuario": "sebasavino, Sebastian Savino, 41.677.777", "momento": "2020-11-21T13:27:20.323Z"}}, {"model": "usuarios.actividad", "pk": 14, "fields": {"accion": "Cargó un paciente", "usuario": "sebasavino, Sebastian Savino, 41.677.777", "momento": "2020-11-21T13:29:05.351Z"}}, {"model": "usuarios.actividad", "pk": 15, "fields": {"accion": "Cargó un paciente", "usuario": "sebasavino, Sebastian Savino, 41.677.777", "momento": "2020-11-21T13:30:59.862Z"}}, {"model": "usuarios.actividad", "pk": 16, "fields": {"accion": "Cargó un paciente", "usuario": "sebasavino, Sebastian Savino, 41.677.777", "momento": "2020-11-21T13:32:25.779Z"}}, {"model": "usuarios.actividad", "pk": 17, "fields": {"accion": "Cargó un paciente", "usuario": "sebasavino, Sebastian Savino, 41.677.777", "momento": "2020-11-21T13:35:06.192Z"}}, {"model": "usuarios.actividad", "pk": 18, "fields": {"accion": "Cargó un paciente", "usuario": "sebasavino, Sebastian Savino, 41.677.777", "momento": "2020-11-21T13:37:22.227Z"}}, {"model": "usuarios.actividad", "pk": 19, "fields": {"accion": "Cargó un paciente", "usuario": "sebasavino, Sebastian Savino, 41.677.777", "momento": "2020-11-21T13:38:46.982Z"}}, {"model": "usuarios.actividad", "pk": 20, "fields": {"accion": "Cargó un paciente", "usuario": "sebasavino, Sebastian Savino, 41.677.777", "momento": "2020-11-21T13:39:29.915Z"}}, {"model": "usuarios.actividad", "pk": 21, "fields": {"accion": "Cargó una categoria", "usuario": "sebasavino, Sebastian Savino, 41.677.777", "momento": "2020-11-21T13:41:15.527Z"}}, {"model": "usuarios.actividad", "pk": 22, "fields": {"accion": "Cargó una categoria", "usuario": "sebasavino, Sebastian Savino, 41.677.777", "momento": "2020-11-21T13:41:18.946Z"}}, {"model": "usuarios.actividad", "pk": 23, "fields": {"accion": "Modificó un producto", "usuario": "sebasavino, Sebastian Savino, 41.677.777", "momento": "2020-11-21T13:41:54.195Z"}}, {"model": "usuarios.actividad", "pk": 24, "fields": {"accion": "Modificó un producto", "usuario": "sebasavino, Sebastian Savino, 41.677.777", "momento": "2020-11-21T13:42:06.278Z"}}, {"model": "usuarios.actividad", "pk": 25, "fields": {"accion": "Cargó un turno", "usuario": "sebasavino, Sebastian Savino, 41.677.777", "momento": "2020-11-21T13:43:14.930Z"}}, {"model": "usuarios.actividad", "pk": 26, "fields": {"accion": "Modificó un turno", "usuario": "sebasavino, Sebastian Savino, 41.677.777", "momento": "2020-11-21T13:43:20.633Z"}}, {"model": "usuarios.actividad", "pk": 27, "fields": {"accion": "Cargó un turno", "usuario": "sebasavino, Sebastian Savino, 41.677.777", "momento": "2020-11-21T13:43:32.733Z"}}, {"model": "usuarios.actividad", "pk": 28, "fields": {"accion": "Cargó un turno", "usuario": "sebasavino, Sebastian Savino, 41.677.777", "momento": "2020-11-21T13:43:55.851Z"}}, {"model": "usuarios.actividad", "pk": 29, "fields": {"accion": "Cargó un turno", "usuario": "sebasavino, Sebastian Savino, 41.677.777", "momento": "2020-11-21T13:44:04.574Z"}}, {"model": "usuarios.actividad", "pk": 30, "fields": {"accion": "Modificó un turno", "usuario": "sebasavino, Sebastian Savino, 41.677.777", "momento": "2020-11-21T13:44:08.654Z"}}, {"model": "usuarios.actividad", "pk": 31, "fields": {"accion": "Cargó un pedido", "usuario": "sebasavino, Sebastian Savino, 41.677.777", "momento": "2020-11-21T13:45:16.460Z"}}, {"model": "usuarios.actividad", "pk": 32, "fields": {"accion": "Agregó un producto a un pedido", "usuario": "sebasavino, Sebastian Savino, 41.677.777", "momento": "2020-11-21T13:45:29.275Z"}}, {"model": "usuarios.actividad", "pk": 33, "fields": {"accion": "Agregó un producto a un pedido", "usuario": "sebasavino, Sebastian Savino, 41.677.777", "momento": "2020-11-21T13:45:39.830Z"}}, {"model": "usuarios.actividad", "pk": 34, "fields": {"accion": "Modificó un pedido", "usuario": "sebasavino, Sebastian Savino, 41.677.777", "momento": "2020-11-21T13:45:48.362Z"}}, {"model": "usuarios.actividad", "pk": 35, "fields": {"accion": "Eliminó un pedido", "usuario": "sebasavino, Sebastian Savino, 41.677.777", "momento": "2020-11-21T13:52:16.966Z"}}, {"model": "usuarios.actividad", "pk": 36, "fields": {"accion": "Cargó un pedido", "usuario": "chino, Brayan Iturre, 33.678.212", "momento": "2020-11-21T13:54:45.672Z"}}, {"model": "usuarios.actividad", "pk": 37, "fields": {"accion": "Agregó un producto a un pedido", "usuario": "chino, Brayan Iturre, 33.678.212", "momento": "2020-11-21T13:55:06.123Z"}}, {"model": "usuarios.actividad", "pk": 38, "fields": {"accion": "Agregó un producto a un pedido", "usuario": "chino, Brayan Iturre, 33.678.212", "momento": "2020-11-21T13:55:16.757Z"}}, {"model": "usuarios.actividad", "pk": 39, "fields": {"accion": "Modificó un pedido", "usuario": "chino, Brayan Iturre, 33.678.212", "momento": "2020-11-21T13:55:28.012Z"}}, {"model": "usuarios.actividad", "pk": 40, "fields": {"accion": "Cargó un pedido", "usuario": "edu, Edu Zerpa, 44.345.678", "momento": "2020-11-21T13:56:29.746Z"}}, {"model": "usuarios.actividad", "pk": 41, "fields": {"accion": "Agregó un producto a un pedido", "usuario": "edu, Edu Zerpa, 44.345.678", "momento": "2020-11-21T13:56:35.112Z"}}, {"model": "usuarios.actividad", "pk": 42, "fields": {"accion": "Agregó un producto a un pedido", "usuario": "edu, Edu Zerpa, 44.345.678", "momento": "2020-11-21T13:56:47.669Z"}}, {"model": "usuarios.actividad", "pk": 43, "fields": {"accion": "Modificó un pedido", "usuario": "edu, Edu Zerpa, 44.345.678", "momento": "2020-11-21T14:04:14.563Z"}}, {"model": "usuarios.actividad", "pk": 44, "fields": {"accion": "Modificó un pedido", "usuario": "sebasavi, Sebastian Savino, 44.123.455", "momento": "2020-11-21T14:10:38.917Z"}}, {"model": "usuarios.actividad", "pk": 45, "fields": {"accion": "Modificó un paciente", "usuario": "sebasavi, Sebastian Savino, 44.123.455", "momento": "2020-11-21T14:11:21.340Z"}}, {"model": "usuarios.actividad", "pk": 46, "fields": {"accion": "Modificó un paciente", "usuario": "sebasavi, Sebastian Savino, 44.123.455", "momento": "2020-11-21T14:11:30.915Z"}}, {"model": "usuarios.actividad", "pk": 47, "fields": {"accion": "Modificó un paciente", "usuario": "sebasavi, Sebastian Savino, 44.123.455", "momento": "2020-11-21T14:11:38.456Z"}}, {"model": "usuarios.actividad", "pk": 48, "fields": {"accion": "Modificó un paciente", "usuario": "sebasavi, Sebastian Savino, 44.123.455", "momento": "2020-11-21T14:11:45.831Z"}}, {"model": "usuarios.actividad", "pk": 49, "fields": {"accion": "Modificó un paciente", "usuario": "sebasavi, Sebastian Savino, 44.123.455", "momento": "2020-11-21T14:11:54.681Z"}}, {"model": "usuarios.actividad", "pk": 50, "fields": {"accion": "Modificó un paciente", "usuario": "sebasavi, Sebastian Savino, 44.123.455", "momento": "2020-11-21T14:13:58.827Z"}}, {"model": "usuarios.actividad", "pk": 51, "fields": {"accion": "Modificó un paciente", "usuario": "sebasavi, Sebastian Savino, 44.123.455", "momento": "2020-11-21T14:14:08.544Z"}}, {"model": "usuarios.actividad", "pk": 52, "fields": {"accion": "Modificó un paciente", "usuario": "sebasavi, Sebastian Savino, 44.123.455", "momento": "2020-11-21T14:14:19.598Z"}}, {"model": "reportes.filtro", "pk": 1, "fields": {"filtro": "Todos", "recurso": "Todos"}}, {"model": "reportes.filtro", "pk": 2, "fields": {"filtro": "Asistieron a los turnos en la semana/mes", "recurso": "Pacientes"}}, {"model": "reportes.filtro", "pk": 3, "fields": {"filtro": "No asistieron a los turnos en la semana/mes", "recurso": "Pacientes"}}, {"model": "reportes.filtro", "pk": 4, "fields": {"filtro": "Hicieron por lo menos un pedido en la semana/mes", "recurso": "Pacientes"}}]